CountyName ,Race/Ethnicity,PeopleVaccinated,PeopleFullyVaccinated,TotalVaccinations,CountyNames
Anderson,Asian,230,212,438,Anderson
Anderson,Black,4983,4491,9330,Anderson
Anderson,Hispanic,2257,1940,4061,Anderson
Anderson,Other,4153,3714,7885,Anderson
Anderson,Unknown,979,763,1674,Anderson
Anderson,White,12285,10913,22371,Anderson
Andrews,Asian,53,47,105,Andrews
Andrews,Black,69,63,142,Andrews
Andrews,Hispanic,3517,3130,6871,Andrews
Andrews,Other,293,254,565,Andrews
Andrews,Unknown,1217,1117,2364,Andrews
Andrews,White,3209,2820,6277,Andrews
Angelina,Asian,375,336,760,Angelina
Angelina,Black,4467,3944,8634,Angelina
Angelina,Hispanic,7766,6924,14611,Angelina
Angelina,Other,6616,5693,12873,Angelina
Angelina,Unknown,3747,3285,7002,Angelina
Angelina,White,17391,15787,33846,Angelina
Aransas,Asian,276,245,519,Aransas
Aransas,Black,109,91,207,Aransas
Aransas,Hispanic,2673,2306,5044,Aransas
Aransas,Other,2479,2244,5199,Aransas
Aransas,Unknown,767,658,1455,Aransas
Aransas,White,8576,7529,16659,Aransas
Archer,Asian,6,6,12,Archer
Archer,Black,23,21,39,Archer
Archer,Hispanic,252,233,465,Archer
Archer,Other,751,703,1533,Archer
Archer,Unknown,500,435,959,Archer
Archer,White,2623,2431,5112,Archer
Armstrong,Asian,4,4,8,Armstrong
Armstrong,Black,5,4,7,Armstrong
Armstrong,Hispanic,51,43,93,Armstrong
Armstrong,Other,102,91,199,Armstrong
Armstrong,Unknown,108,97,204,Armstrong
Armstrong,White,485,407,908,Armstrong
Atascosa,Asian,115,101,223,Atascosa
Atascosa,Black,141,119,256,Atascosa
Atascosa,Hispanic,11971,10487,22507,Atascosa
Atascosa,Other,4310,3742,8362,Atascosa
Atascosa,Unknown,1335,1086,2425,Atascosa
Atascosa,White,8119,7159,15388,Atascosa
Austin,Asian,113,95,198,Austin
Austin,Black,956,834,1660,Austin
Austin,Hispanic,3377,2855,6010,Austin
Austin,Other,2266,2028,4613,Austin
Austin,Unknown,1026,822,1612,Austin
Austin,White,7613,6855,14133,Austin
Bailey,Asian,12,11,21,Bailey
Bailey,Black,10,10,20,Bailey
Bailey,Hispanic,1160,906,1974,Bailey
Bailey,Other,134,115,244,Bailey
Bailey,Unknown,1001,944,1996,Bailey
Bailey,White,578,481,1068,Bailey
Bandera,Asian,52,47,97,Bandera
Bandera,Black,79,70,151,Bandera
Bandera,Hispanic,1372,1211,2603,Bandera
Bandera,Other,1831,1648,3661,Bandera
Bandera,Unknown,1241,1052,2178,Bandera
Bandera,White,6111,5447,11570,Bandera
Bastrop,Asian,383,332,714,Bastrop
Bastrop,Black,1718,1418,3114,Bastrop
Bastrop,Hispanic,16552,13415,29815,Bastrop
Bastrop,Other,15377,13423,30082,Bastrop
Bastrop,Unknown,4294,3063,7343,Bastrop
Bastrop,White,15477,13320,28788,Bastrop
Baylor,Asian,9,8,18,Baylor
Baylor,Black,23,20,48,Baylor
Baylor,Hispanic,92,72,155,Baylor
Baylor,Other,70,64,139,Baylor
Baylor,Unknown,426,402,837,Baylor
Baylor,White,886,805,1693,Baylor
Bee,Asian,115,99,232,Bee
Bee,Black,937,778,1749,Bee
Bee,Hispanic,5886,5038,11640,Bee
Bee,Other,3135,2546,5994,Bee
Bee,Unknown,2299,1975,4365,Bee
Bee,White,4764,4212,9304,Bee
Bell,Asian,5003,4387,9579,Bell
Bell,Black,24439,20410,44993,Bell
Bell,Hispanic,27731,23710,51644,Bell
Bell,Other,25854,22490,50520,Bell
Bell,Unknown,10673,8361,18965,Bell
Bell,White,64055,57040,124911,Bell
Bexar,Asian,31776,28342,61969,Bexar
Bexar,Black,52553,44788,99512,Bexar
Bexar,Hispanic,578161,499648,1102441,Bexar
Bexar,Other,243388,212751,480206,Bexar
Bexar,Unknown,69070,53505,122679,Bexar
Bexar,White,347557,306395,671603,Bexar
Blanco,Asian,20,16,37,Blanco
Blanco,Black,32,28,59,Blanco
Blanco,Hispanic,895,784,1646,Blanco
Blanco,Other,897,803,1865,Blanco
Blanco,Unknown,255,216,456,Blanco
Blanco,White,4325,3898,8501,Blanco
Borden,Asian,1,1,1,Borden
Borden,Black,1,0,1,Borden
Borden,Hispanic,33,29,57,Borden
Borden,Other,34,33,66,Borden
Borden,Unknown,16,15,31,Borden
Borden,White,137,122,239,Borden
Bosque,Asian,29,27,58,Bosque
Bosque,Black,102,90,193,Bosque
Bosque,Hispanic,993,858,1838,Bosque
Bosque,Other,966,883,1955,Bosque
Bosque,Unknown,1034,809,1848,Bosque
Bosque,White,5644,5135,10862,Bosque
Bowie,Asian,572,515,1118,Bowie
Bowie,Black,6817,5782,12561,Bowie
Bowie,Hispanic,2662,2238,4818,Bowie
Bowie,Other,3705,3281,7311,Bowie
Bowie,Unknown,1810,1217,2869,Bowie
Bowie,White,19296,16701,36088,Bowie
Brazoria,Asian,15240,14202,29948,Brazoria
Brazoria,Black,27674,24806,53448,Brazoria
Brazoria,Hispanic,51282,45581,96831,Brazoria
Brazoria,Other,45271,41843,92579,Brazoria
Brazoria,Unknown,8392,6890,15280,Brazoria
Brazoria,White,69500,63034,132431,Brazoria
Brazos,Asian,8371,7387,15845,Brazos
Brazos,Black,8952,7711,16389,Brazos
Brazos,Hispanic,23052,19933,42663,Brazos
Brazos,Other,17167,15392,34005,Brazos
Brazos,Unknown,5733,4138,9485,Brazos
Brazos,White,59486,53132,112933,Brazos
Brewster,Asian,47,45,92,Brewster
Brewster,Black,31,21,48,Brewster
Brewster,Hispanic,2054,1720,3802,Brewster
Brewster,Other,462,370,919,Brewster
Brewster,Unknown,520,424,911,Brewster
Brewster,White,2357,2100,4567,Brewster
Briscoe,Black,13,13,26,Briscoe
Briscoe,Hispanic,129,118,245,Briscoe
Briscoe,Other,73,62,152,Briscoe
Briscoe,Unknown,18,14,34,Briscoe
Briscoe,White,411,371,842,Briscoe
Brooks,Asian,10,10,20,Brooks
Brooks,Black,6,5,11,Brooks
Brooks,Hispanic,2942,2610,5570,Brooks
Brooks,Other,283,234,551,Brooks
Brooks,Unknown,142,112,256,Brooks
Brooks,White,1282,1120,2485,Brooks
Brown,Asian,119,112,210,Brown
Brown,Black,404,362,691,Brown
Brown,Hispanic,2610,2286,4573,Brown
Brown,Other,2814,2525,5063,Brown
Brown,Unknown,2021,1855,3243,Brown
Brown,White,7699,7012,13476,Brown
Burleson,Asian,52,48,95,Burleson
Burleson,Black,909,831,1690,Burleson
Burleson,Hispanic,1209,1085,2235,Burleson
Burleson,Other,870,798,1741,Burleson
Burleson,Unknown,679,512,1099,Burleson
Burleson,White,5274,4831,10073,Burleson
Burnet,Asian,253,223,469,Burnet
Burnet,Black,322,262,560,Burnet
Burnet,Hispanic,3231,2778,5821,Burnet
Burnet,Other,4656,4180,9511,Burnet
Burnet,Unknown,1341,1122,2270,Burnet
Burnet,White,15939,14257,30364,Burnet
Caldwell,Asian,112,103,215,Caldwell
Caldwell,Black,771,683,1461,Caldwell
Caldwell,Hispanic,9310,7786,16982,Caldwell
Caldwell,Other,4263,3698,8180,Caldwell
Caldwell,Unknown,2667,2203,4622,Caldwell
Caldwell,White,7854,7009,14813,Caldwell
Calhoun,Asian,686,640,1212,Calhoun
Calhoun,Black,198,167,364,Calhoun
Calhoun,Hispanic,4659,4045,8457,Calhoun
Calhoun,Other,1218,1133,2288,Calhoun
Calhoun,Unknown,626,499,1107,Calhoun
Calhoun,White,4344,3855,8095,Calhoun
Callahan,Asian,41,37,75,Callahan
Callahan,Black,19,11,30,Callahan
Callahan,Hispanic,408,336,747,Callahan
Callahan,Other,457,416,934,Callahan
Callahan,Unknown,565,501,1105,Callahan
Callahan,White,3906,3490,7358,Callahan
Cameron,Asian,988,903,1825,Cameron
Cameron,Black,635,561,1033,Cameron
Cameron,Hispanic,235849,203503,441888,Cameron
Cameron,Other,19811,17094,38862,Cameron
Cameron,Unknown,27714,24170,54144,Cameron
Cameron,White,42574,37183,81065,Cameron
Camp,Asian,48,42,90,Camp
Camp,Black,757,645,1416,Camp
Camp,Hispanic,1166,923,2060,Camp
Camp,Other,678,611,1398,Camp
Camp,Unknown,281,240,521,Camp
Camp,White,2746,2416,5316,Camp
Carson,Asian,14,12,28,Carson
Carson,Black,6,5,9,Carson
Carson,Hispanic,170,138,314,Carson
Carson,Other,185,168,362,Carson
Carson,Unknown,278,248,549,Carson
Carson,White,1470,1265,2782,Carson
Cass,Asian,62,55,117,Cass
Cass,Black,1614,1404,2961,Cass
Cass,Hispanic,627,546,1186,Cass
Cass,Other,1377,1256,2767,Cass
Cass,Unknown,506,356,781,Cass
Cass,White,6588,5820,12016,Cass
Castro,Asian,7,7,14,Castro
Castro,Black,36,27,66,Castro
Castro,Hispanic,2020,1631,3661,Castro
Castro,Other,176,138,323,Castro
Castro,Unknown,216,168,385,Castro
Castro,White,915,801,1812,Castro
Chambers,Asian,436,394,824,Chambers
Chambers,Black,1609,1394,3057,Chambers
Chambers,Hispanic,4164,3545,7737,Chambers
Chambers,Other,2574,2251,5027,Chambers
Chambers,Unknown,882,691,1574,Chambers
Chambers,White,12127,10635,22972,Chambers
Cherokee,Asian,129,116,234,Cherokee
Cherokee,Black,2531,2268,4732,Cherokee
Cherokee,Hispanic,4205,3503,7463,Cherokee
Cherokee,Other,2363,2092,4651,Cherokee
Cherokee,Unknown,1359,1172,2444,Cherokee
Cherokee,White,10927,9793,20735,Cherokee
Childress,Asian,44,39,82,Childress
Childress,Black,312,300,522,Childress
Childress,Hispanic,615,566,1088,Childress
Childress,Other,480,444,799,Childress
Childress,Unknown,125,95,217,Childress
Childress,White,2053,1936,3958,Childress
Clay,Asian,16,16,34,Clay
Clay,Black,21,20,41,Clay
Clay,Hispanic,203,182,399,Clay
Clay,Other,591,549,1263,Clay
Clay,Unknown,381,342,726,Clay
Clay,White,3357,3099,6716,Clay
Cochran,Asian,3,3,4,Cochran
Cochran,Black,24,20,40,Cochran
Cochran,Hispanic,570,505,1006,Cochran
Cochran,Other,81,74,152,Cochran
Cochran,Unknown,165,140,304,Cochran
Cochran,White,297,280,535,Cochran
Coke,Asian,1,1,2,Coke
Coke,Black,2,2,4,Coke
Coke,Hispanic,195,172,374,Coke
Coke,Other,181,159,364,Coke
Coke,Unknown,38,27,61,Coke
Coke,White,908,810,1810,Coke
Coleman,Asian,15,13,31,Coleman
Coleman,Black,28,24,48,Coleman
Coleman,Hispanic,276,239,506,Coleman
Coleman,Other,262,220,479,Coleman
Coleman,Unknown,1269,1120,2414,Coleman
Coleman,White,1334,1237,2547,Coleman
Collin,Asian,119093,109445,232139,Collin
Collin,Black,52118,46012,99307,Collin
Collin,Hispanic,93190,80875,173346,Collin
Collin,Other,120819,110490,251181,Collin
Collin,Unknown,31138,25135,55529,Collin
Collin,White,280933,254540,550484,Collin
Collingsworth,Asian,3,3,6,Collingsworth
Collingsworth,Black,22,14,32,Collingsworth
Collingsworth,Hispanic,179,143,291,Collingsworth
Collingsworth,Other,78,70,152,Collingsworth
Collingsworth,Unknown,73,49,122,Collingsworth
Collingsworth,White,615,549,1101,Collingsworth
Colorado,Asian,73,66,133,Colorado
Colorado,Black,959,871,1787,Colorado
Colorado,Hispanic,2463,2186,4411,Colorado
Colorado,Other,1236,1104,2510,Colorado
Colorado,Unknown,1079,938,1883,Colorado
Colorado,White,5836,5265,10916,Colorado
Comal,Asian,1278,1144,2443,Comal
Comal,Black,1732,1479,3252,Comal
Comal,Hispanic,19071,16637,35471,Comal
Comal,Other,17898,16011,36194,Comal
Comal,Unknown,5531,4537,9855,Comal
Comal,White,51916,46796,98990,Comal
Comanche,Asian,18,14,32,Comanche
Comanche,Black,10,6,18,Comanche
Comanche,Hispanic,1197,1062,2171,Comanche
Comanche,Other,424,371,851,Comanche
Comanche,Unknown,1541,1391,3100,Comanche
Comanche,White,3107,2841,6027,Comanche
Concho,Asian,7,6,14,Concho
Concho,Black,18,6,24,Concho
Concho,Hispanic,393,249,622,Concho
Concho,Other,112,100,227,Concho
Concho,Unknown,193,175,358,Concho
Concho,White,708,645,1369,Concho
Cooke,Asian,168,137,307,Cooke
Cooke,Black,328,269,596,Cooke
Cooke,Hispanic,2557,2014,4460,Cooke
Cooke,Other,1651,1379,3157,Cooke
Cooke,Unknown,1951,1688,3533,Cooke
Cooke,White,10078,8656,18695,Cooke
Coryell,Asian,576,498,1081,Coryell
Coryell,Black,4010,3497,7543,Coryell
Coryell,Hispanic,3203,2782,6022,Coryell
Coryell,Other,5290,4645,10258,Coryell
Coryell,Unknown,1945,1488,3466,Coryell
Coryell,White,16488,14638,31670,Coryell
Cottle,Black,13,13,22,Cottle
Cottle,Hispanic,108,91,203,Cottle
Cottle,Other,98,90,195,Cottle
Cottle,Unknown,25,24,47,Cottle
Cottle,White,304,278,575,Cottle
Crane,Asian,8,8,17,Crane
Crane,Black,12,10,21,Crane
Crane,Hispanic,1192,846,2189,Crane
Crane,Other,177,139,340,Crane
Crane,Unknown,89,71,163,Crane
Crane,White,591,454,1108,Crane
Crockett,Asian,16,14,36,Crockett
Crockett,Black,6,5,10,Crockett
Crockett,Hispanic,904,789,1773,Crockett
Crockett,Other,174,149,363,Crockett
Crockett,Unknown,45,36,81,Crockett
Crockett,White,474,417,961,Crockett
Crosby,Asian,7,6,12,Crosby
Crosby,Black,43,39,80,Crosby
Crosby,Hispanic,1150,1040,2222,Crosby
Crosby,Other,264,228,516,Crosby
Crosby,Unknown,264,234,538,Crosby
Crosby,White,892,831,1794,Crosby
Culberson,Asian,33,28,61,Culberson
Culberson,Black,2,1,3,Culberson
Culberson,Hispanic,766,677,1461,Culberson
Culberson,Other,65,57,131,Culberson
Culberson,Unknown,153,146,305,Culberson
Culberson,White,205,177,375,Culberson
Dallam,Asian,16,15,34,Dallam
Dallam,Black,41,29,69,Dallam
Dallam,Hispanic,1610,1161,2805,Dallam
Dallam,Other,294,213,517,Dallam
Dallam,Unknown,845,600,1476,Dallam
Dallam,White,847,673,1564,Dallam
Dallas,Asian,116591,105480,225646,Dallas
Dallas,Black,230849,198878,435988,Dallas
Dallas,Hispanic,561276,475153,1028386,Dallas
Dallas,Other,229185,199751,461429,Dallas
Dallas,Unknown,63803,49020,111169,Dallas
Dallas,White,411735,369614,806336,Dallas
Dawson,Asian,18,18,37,Dawson
Dawson,Black,384,346,643,Dawson
Dawson,Hispanic,1693,1429,3076,Dawson
Dawson,Other,709,598,1199,Dawson
Dawson,Unknown,352,320,682,Dawson
Dawson,White,1462,1279,2607,Dawson
Deaf Smith,Asian,31,30,62,Deaf Smith
Deaf Smith,Black,43,36,82,Deaf Smith
Deaf Smith,Hispanic,4912,4344,8887,Deaf Smith
Deaf Smith,Other,479,401,903,Deaf Smith
Deaf Smith,Unknown,851,723,1619,Deaf Smith
Deaf Smith,White,1678,1527,3249,Deaf Smith
Delta,Asian,15,11,25,Delta
Delta,Black,115,104,220,Delta
Delta,Hispanic,121,98,218,Delta
Delta,Other,276,252,548,Delta
Delta,Unknown,160,141,313,Delta
Delta,White,1180,1055,2310,Delta
Denton,Asian,52888,48605,102409,Denton
Denton,Black,41955,37447,81087,Denton
Denton,Hispanic,93954,82636,178231,Denton
Denton,Other,90690,83207,189764,Denton
Denton,Unknown,19274,15628,33505,Denton
Denton,White,248208,229386,497704,Denton
DeWitt,Asian,57,47,105,DeWitt
DeWitt,Black,579,533,1110,DeWitt
DeWitt,Hispanic,1751,1595,3193,DeWitt
DeWitt,Other,1484,1299,2926,DeWitt
DeWitt,Unknown,695,580,1300,DeWitt
DeWitt,White,4759,4410,9203,DeWitt
Dickens,Asian,5,5,10,Dickens
Dickens,Black,9,10,18,Dickens
Dickens,Hispanic,116,104,208,Dickens
Dickens,Other,75,63,146,Dickens
Dickens,Unknown,41,32,71,Dickens
Dickens,White,493,457,937,Dickens
Dimmit,Asian,31,30,69,Dimmit
Dimmit,Black,37,32,72,Dimmit
Dimmit,Hispanic,6607,4017,11019,Dimmit
Dimmit,Other,408,352,852,Dimmit
Dimmit,Unknown,543,458,1012,Dimmit
Dimmit,White,1130,1002,2337,Dimmit
Donley,Asian,6,6,12,Donley
Donley,Black,27,20,48,Donley
Donley,Hispanic,97,71,170,Donley
Donley,Other,281,251,557,Donley
Donley,Unknown,105,87,205,Donley
Donley,White,791,678,1509,Donley
Duval,Asian,23,23,50,Duval
Duval,Black,118,104,226,Duval
Duval,Hispanic,5263,4541,10222,Duval
Duval,Other,510,413,1011,Duval
Duval,Unknown,363,278,661,Duval
Duval,White,1278,1056,2464,Duval
Eastland,Asian,55,51,94,Eastland
Eastland,Black,57,43,103,Eastland
Eastland,Hispanic,847,681,1492,Eastland
Eastland,Other,606,526,1095,Eastland
Eastland,Unknown,576,462,1039,Eastland
Eastland,White,4766,4152,8858,Eastland
Ector,Asian,1059,957,2136,Ector
Ector,Black,2096,1774,3933,Ector
Ector,Hispanic,29082,24286,54790,Ector
Ector,Other,9691,8469,18603,Ector
Ector,Unknown,4410,3578,7914,Ector
Ector,White,27011,24185,51936,Ector
Edwards,Black,2,1,3,Edwards
Edwards,Hispanic,250,211,470,Edwards
Edwards,Other,65,57,126,Edwards
Edwards,Unknown,66,58,123,Edwards
Edwards,White,362,328,696,Edwards
El Paso,Asian,3798,3252,7275,El Paso
El Paso,Black,6103,4902,10851,El Paso
El Paso,Hispanic,490872,424392,926306,El Paso
El Paso,Other,27507,23038,53263,El Paso
El Paso,Unknown,53388,43757,100042,El Paso
El Paso,White,42323,35956,79674,El Paso
Ellis,Asian,891,792,1719,Ellis
Ellis,Black,11753,10271,22321,Ellis
Ellis,Hispanic,19231,16524,35599,Ellis
Ellis,Other,14015,12361,27770,Ellis
Ellis,Unknown,4064,3229,6961,Ellis
Ellis,White,49467,44116,94635,Ellis
Erath,Asian,163,149,311,Erath
Erath,Black,134,112,236,Erath
Erath,Hispanic,2699,2302,4942,Erath
Erath,Other,2276,2083,4639,Erath
Erath,Unknown,887,771,1606,Erath
Erath,White,10178,9037,19165,Erath
Falls,Asian,47,45,95,Falls
Falls,Black,1493,1253,2747,Falls
Falls,Hispanic,1224,1040,2251,Falls
Falls,Other,1045,885,1978,Falls
Falls,Unknown,644,551,1190,Falls
Falls,White,3708,3233,7119,Falls
Fannin,Asian,75,68,142,Fannin
Fannin,Black,798,715,1459,Fannin
Fannin,Hispanic,1428,1242,2539,Fannin
Fannin,Other,1309,1172,2577,Fannin
Fannin,Unknown,1572,1366,3076,Fannin
Fannin,White,9558,8552,18046,Fannin
Fayette,Asian,62,51,115,Fayette
Fayette,Black,537,448,966,Fayette
Fayette,Hispanic,1631,1303,2785,Fayette
Fayette,Other,2564,2305,5228,Fayette
Fayette,Unknown,801,661,1427,Fayette
Fayette,White,8341,7281,15321,Fayette
Fisher,Asian,1,1,2,Fisher
Fisher,Black,22,18,35,Fisher
Fisher,Hispanic,331,287,594,Fisher
Fisher,Other,80,57,140,Fisher
Fisher,Unknown,235,210,465,Fisher
Fisher,White,810,738,1475,Fisher
Floyd,Asian,4,4,7,Floyd
Floyd,Black,37,33,69,Floyd
Floyd,Hispanic,1117,1016,2118,Floyd
Floyd,Other,189,154,353,Floyd
Floyd,Unknown,164,142,291,Floyd
Floyd,White,1047,961,2003,Floyd
Foard,Asian,1,0,1,Foard
Foard,Black,21,19,37,Foard
Foard,Hispanic,62,41,103,Foard
Foard,Other,25,23,51,Foard
Foard,Unknown,132,110,263,Foard
Foard,White,330,272,644,Foard
Fort Bend,Asian,105882,97007,208648,Fort Bend
Fort Bend,Black,81838,72621,157258,Fort Bend
Fort Bend,Hispanic,118610,104198,223163,Fort Bend
Fort Bend,Other,113756,104810,235788,Fort Bend
Fort Bend,Unknown,24363,18969,43215,Fort Bend
Fort Bend,White,132251,119205,256960,Fort Bend
Franklin,Asian,30,25,53,Franklin
Franklin,Black,129,111,245,Franklin
Franklin,Hispanic,438,358,775,Franklin
Franklin,Other,451,401,923,Franklin
Franklin,Unknown,545,450,928,Franklin
Franklin,White,2543,2238,4773,Franklin
Freestone,Asian,63,52,116,Freestone
Freestone,Black,1136,1009,2111,Freestone
Freestone,Hispanic,737,629,1311,Freestone
Freestone,Other,1154,1008,2223,Freestone
Freestone,Unknown,286,203,460,Freestone
Freestone,White,4567,4102,8323,Freestone
Frio,Asian,43,37,81,Frio
Frio,Black,636,572,762,Frio
Frio,Hispanic,7278,6357,11889,Frio
Frio,Other,1521,1312,2422,Frio
Frio,Unknown,704,558,1291,Frio
Frio,White,1682,1484,3117,Frio
Gaines,Asian,25,22,46,Gaines
Gaines,Black,60,56,108,Gaines
Gaines,Hispanic,1969,1707,3470,Gaines
Gaines,Other,415,351,773,Gaines
Gaines,Unknown,1016,928,1910,Gaines
Gaines,White,1305,1160,2393,Gaines
Galveston,Asian,9373,8758,18367,Galveston
Galveston,Black,20880,18883,42338,Galveston
Galveston,Hispanic,42977,38730,84377,Galveston
Galveston,Other,49416,46702,109596,Galveston
Galveston,Unknown,6028,4754,10256,Galveston
Galveston,White,76693,69642,148567,Galveston
Garza,Asian,18,15,27,Garza
Garza,Black,67,55,96,Garza
Garza,Hispanic,2055,1951,3026,Garza
Garza,Other,190,156,345,Garza
Garza,Unknown,54,47,100,Garza
Garza,White,760,698,1408,Garza
Gillespie,Asian,98,87,178,Gillespie
Gillespie,Black,28,25,57,Gillespie
Gillespie,Hispanic,1697,1420,3087,Gillespie
Gillespie,Other,1916,1752,4040,Gillespie
Gillespie,Unknown,1725,1533,3258,Gillespie
Gillespie,White,9735,8746,19039,Gillespie
Glasscock,Asian,2,1,3,Glasscock
Glasscock,Hispanic,202,164,362,Glasscock
Glasscock,Other,92,78,175,Glasscock
Glasscock,Unknown,32,25,57,Glasscock
Glasscock,White,302,264,568,Glasscock
Goliad,Asian,13,11,26,Goliad
Goliad,Black,82,77,155,Goliad
Goliad,Hispanic,849,737,1606,Goliad
Goliad,Other,437,406,908,Goliad
Goliad,Unknown,354,309,684,Goliad
Goliad,White,1611,1482,3113,Goliad
Gonzales,Asian,42,39,78,Gonzales
Gonzales,Black,481,436,878,Gonzales
Gonzales,Hispanic,3467,3166,6168,Gonzales
Gonzales,Other,1361,1200,2567,Gonzales
Gonzales,Unknown,1176,1027,2117,Gonzales
Gonzales,White,4147,3786,7688,Gonzales
Gray,Asian,61,61,123,Gray
Gray,Black,334,310,564,Gray
Gray,Hispanic,1557,1353,2889,Gray
Gray,Other,1172,1053,2169,Gray
Gray,Unknown,943,792,1753,Gray
Gray,White,4645,4201,8768,Gray
Grayson,Asian,639,578,1145,Grayson
Grayson,Black,2458,2120,4275,Grayson
Grayson,Hispanic,6384,5453,11268,Grayson
Grayson,Other,8686,7609,17215,Grayson
Grayson,Unknown,5897,5074,10887,Grayson
Grayson,White,37181,32814,68305,Grayson
Gregg,Asian,804,720,1557,Gregg
Gregg,Black,9183,8048,17767,Gregg
Gregg,Hispanic,9344,8098,17446,Gregg
Gregg,Other,8587,7729,17790,Gregg
Gregg,Unknown,3823,3095,6898,Gregg
Gregg,White,28021,25196,55346,Gregg
Grimes,Asian,81,76,156,Grimes
Grimes,Black,1855,1656,3422,Grimes
Grimes,Hispanic,2598,2230,4727,Grimes
Grimes,Other,2120,1885,4133,Grimes
Grimes,Unknown,1590,1292,2819,Grimes
Grimes,White,7710,6895,14539,Grimes
Guadalupe,Asian,1621,1462,3060,Guadalupe
Guadalupe,Black,5041,4379,9413,Guadalupe
Guadalupe,Hispanic,26597,23586,48862,Guadalupe
Guadalupe,Other,16668,14904,33228,Guadalupe
Guadalupe,Unknown,6793,5783,12289,Guadalupe
Guadalupe,White,35983,32587,66612,Guadalupe
Hale,Asian,68,56,123,Hale
Hale,Black,431,392,702,Hale
Hale,Hispanic,6669,6016,12193,Hale
Hale,Other,1860,1617,3240,Hale
Hale,Unknown,904,766,1655,Hale
Hale,White,3965,3624,7272,Hale
Hall,Asian,7,6,14,Hall
Hall,Black,62,56,115,Hall
Hall,Hispanic,393,349,702,Hall
Hall,Other,122,110,238,Hall
Hall,Unknown,47,38,83,Hall
Hall,White,668,611,1298,Hall
Hamilton,Asian,12,13,25,Hamilton
Hamilton,Black,9,9,15,Hamilton
Hamilton,Hispanic,442,373,780,Hamilton
Hamilton,Other,197,183,408,Hamilton
Hamilton,Unknown,287,249,535,Hamilton
Hamilton,White,3326,3081,6358,Hamilton
Hansford,Asian,7,7,14,Hansford
Hansford,Black,2,2,6,Hansford
Hansford,Hispanic,944,859,1600,Hansford
Hansford,Other,80,64,145,Hansford
Hansford,Unknown,261,233,497,Hansford
Hansford,White,998,918,1897,Hansford
Hardeman,Asian,13,13,25,Hardeman
Hardeman,Black,56,49,99,Hardeman
Hardeman,Hispanic,277,252,498,Hardeman
Hardeman,Other,57,52,110,Hardeman
Hardeman,Unknown,375,347,761,Hardeman
Hardeman,White,1037,956,1984,Hardeman
Hardin,Asian,190,169,360,Hardin
Hardin,Black,1106,947,2080,Hardin
Hardin,Hispanic,1163,973,2129,Hardin
Hardin,Other,3545,3164,7105,Hardin
Hardin,Unknown,1564,1228,2763,Hardin
Hardin,White,15241,13349,29238,Hardin
Harris,Asian,213410,195106,405812,Harris
Harris,Black,350639,298660,648690,Harris
Harris,Hispanic,1121438,959432,2050830,Harris
Harris,Other,496809,445308,989593,Harris
Harris,Unknown,142763,106782,250277,Harris
Harris,White,708735,633479,1357736,Harris
Harrison,Asian,192,182,362,Harrison
Harrison,Black,4818,4296,9039,Harrison
Harrison,Hispanic,2838,2502,5183,Harrison
Harrison,Other,3781,3408,7680,Harrison
Harrison,Unknown,1845,1469,3156,Harrison
Harrison,White,13388,11988,25258,Harrison
Hartley,Asian,8,7,16,Hartley
Hartley,Black,98,92,179,Hartley
Hartley,Hispanic,898,675,1520,Hartley
Hartley,Other,406,364,758,Hartley
Hartley,Unknown,518,407,943,Hartley
Hartley,White,1003,848,1916,Hartley
Haskell,Asian,20,17,39,Haskell
Haskell,Black,52,41,90,Haskell
Haskell,Hispanic,463,329,770,Haskell
Haskell,Other,153,117,284,Haskell
Haskell,Unknown,224,207,430,Haskell
Haskell,White,1389,1178,2526,Haskell
Hays,Asian,2512,2191,4731,Hays
Hays,Black,3893,3362,7198,Hays
Hays,Hispanic,40575,33675,74518,Hays
Hays,Other,23958,21345,48234,Hays
Hays,Unknown,15152,12739,26801,Hays
Hays,White,61150,54730,117829,Hays
Hemphill,Asian,8,7,12,Hemphill
Hemphill,Black,2,1,2,Hemphill
Hemphill,Hispanic,438,391,716,Hemphill
Hemphill,Other,139,117,274,Hemphill
Hemphill,Unknown,178,157,340,Hemphill
Hemphill,White,917,840,1695,Hemphill
Henderson,Asian,272,233,507,Henderson
Henderson,Black,1625,1418,3050,Henderson
Henderson,Hispanic,4063,3453,7436,Henderson
Henderson,Other,4115,3678,8255,Henderson
Henderson,Unknown,2229,1851,3807,Henderson
Henderson,White,22123,19577,42032,Henderson
Hidalgo,Asian,2804,2498,5525,Hidalgo
Hidalgo,Black,1336,1111,2466,Hidalgo
Hidalgo,Hispanic,486660,418813,930804,Hidalgo
Hidalgo,Other,39850,33267,74055,Hidalgo
Hidalgo,Unknown,26788,21460,49137,Hidalgo
Hidalgo,White,88692,77653,165667,Hidalgo
Hill,Asian,123,112,238,Hill
Hill,Black,617,498,1076,Hill
Hill,Hispanic,2329,1969,4159,Hill
Hill,Other,1691,1501,3285,Hill
Hill,Unknown,1307,1029,2248,Hill
Hill,White,9550,8518,17554,Hill
Hockley,Asian,44,40,82,Hockley
Hockley,Black,228,192,418,Hockley
Hockley,Hispanic,4197,3680,7756,Hockley
Hockley,Other,1063,891,1972,Hockley
Hockley,Unknown,996,880,1767,Hockley
Hockley,White,3722,3378,7030,Hockley
Hood,Asian,256,233,493,Hood
Hood,Black,165,149,323,Hood
Hood,Hispanic,2543,2242,4767,Hood
Hood,Other,4333,3914,9102,Hood
Hood,Unknown,1010,829,1835,Hood
Hood,White,22410,20404,44034,Hood
Hopkins,Asian,149,131,285,Hopkins
Hopkins,Black,853,747,1620,Hopkins
Hopkins,Hispanic,2312,2022,4220,Hopkins
Hopkins,Other,2885,2588,5732,Hopkins
Hopkins,Unknown,788,620,1305,Hopkins
Hopkins,White,8343,7416,16012,Hopkins
Houston,Asian,92,75,160,Houston
Houston,Black,2260,2008,4233,Houston
Houston,Hispanic,990,822,1751,Houston
Houston,Other,1154,1026,2183,Houston
Houston,Unknown,531,417,929,Houston
Houston,White,4962,4517,9502,Houston
Howard,Asian,118,95,209,Howard
Howard,Black,224,188,379,Howard
Howard,Hispanic,4380,3806,7263,Howard
Howard,Other,3045,2804,6031,Howard
Howard,Unknown,957,784,1696,Howard
Howard,White,4572,4027,8442,Howard
Hudspeth,Asian,15,14,29,Hudspeth
Hudspeth,Black,40,33,69,Hudspeth
Hudspeth,Hispanic,2253,2011,4310,Hudspeth
Hudspeth,Other,112,95,210,Hudspeth
Hudspeth,Unknown,148,124,281,Hudspeth
Hudspeth,White,742,677,995,Hudspeth
Hunt,Asian,568,510,1054,Hunt
Hunt,Black,2470,2114,4636,Hunt
Hunt,Hispanic,7259,6028,13079,Hunt
Hunt,Other,5090,4527,10260,Hunt
Hunt,Unknown,2438,2030,4271,Hunt
Hunt,White,25239,22419,48628,Hunt
Hutchinson,Asian,43,35,80,Hutchinson
Hutchinson,Black,105,92,194,Hutchinson
Hutchinson,Hispanic,1401,1197,2588,Hutchinson
Hutchinson,Other,1049,896,2025,Hutchinson
Hutchinson,Unknown,844,679,1551,Hutchinson
Hutchinson,White,4098,3637,7884,Hutchinson
Irion,Asian,2,1,3,Irion
Irion,Black,7,6,14,Irion
Irion,Hispanic,127,120,263,Irion
Irion,Other,140,123,270,Irion
Irion,Unknown,24,21,41,Irion
Irion,White,360,320,718,Irion
Jack,Asian,21,19,37,Jack
Jack,Black,160,133,293,Jack
Jack,Hispanic,478,408,842,Jack
Jack,Other,341,286,663,Jack
Jack,Unknown,298,249,541,Jack
Jack,White,2285,2061,4263,Jack
Jackson,Asian,62,54,111,Jackson
Jackson,Black,278,239,550,Jackson
Jackson,Hispanic,1358,1154,2562,Jackson
Jackson,Other,680,584,1303,Jackson
Jackson,Unknown,1473,1319,2705,Jackson
Jackson,White,2866,2623,5842,Jackson
Jasper,Asian,80,73,157,Jasper
Jasper,Black,1835,1631,3418,Jasper
Jasper,Hispanic,764,662,1389,Jasper
Jasper,Other,1713,1502,3365,Jasper
Jasper,Unknown,2225,1899,4064,Jasper
Jasper,White,6917,6179,12957,Jasper
Jeff Davis,Asian,5,5,9,Jeff Davis
Jeff Davis,Black,1,1,2,Jeff Davis
Jeff Davis,Hispanic,414,359,795,Jeff Davis
Jeff Davis,Other,100,85,200,Jeff Davis
Jeff Davis,Unknown,94,86,171,Jeff Davis
Jeff Davis,White,621,576,1311,Jeff Davis
Jefferson,Asian,7587,6710,13179,Jefferson
Jefferson,Black,31625,27367,62087,Jefferson
Jefferson,Hispanic,21313,17598,39371,Jefferson
Jefferson,Other,21227,18885,43356,Jefferson
Jefferson,Unknown,8143,6769,15623,Jefferson
Jefferson,White,37887,33297,74139,Jefferson
Jim Hogg,Asian,12,3,16,Jim Hogg
Jim Hogg,Black,6,4,11,Jim Hogg
Jim Hogg,Hispanic,2599,2056,4882,Jim Hogg
Jim Hogg,Other,203,170,410,Jim Hogg
Jim Hogg,Unknown,138,113,255,Jim Hogg
Jim Hogg,White,395,350,803,Jim Hogg
Jim Wells,Asian,74,63,143,Jim Wells
Jim Wells,Black,60,53,116,Jim Wells
Jim Wells,Hispanic,15047,12885,29731,Jim Wells
Jim Wells,Other,1812,1535,3684,Jim Wells
Jim Wells,Unknown,1553,1233,2838,Jim Wells
Jim Wells,White,5800,4958,11285,Jim Wells
Johnson,Asian,1017,915,1918,Johnson
Johnson,Black,3105,2728,5855,Johnson
Johnson,Hispanic,14072,12035,25846,Johnson
Johnson,Other,12049,10513,23732,Johnson
Johnson,Unknown,3738,3051,6614,Johnson
Johnson,White,47799,42896,91901,Johnson
Jones,Asian,62,52,113,Jones
Jones,Black,879,804,1417,Jones
Jones,Hispanic,1472,1117,2410,Jones
Jones,Other,1932,1519,3082,Jones
Jones,Unknown,650,578,1257,Jones
Jones,White,4409,3973,7870,Jones
Karnes,Asian,45,43,87,Karnes
Karnes,Black,577,542,1107,Karnes
Karnes,Hispanic,3123,2788,5474,Karnes
Karnes,Other,1123,1032,2171,Karnes
Karnes,Unknown,665,584,1303,Karnes
Karnes,White,2864,2640,5355,Karnes
Kaufman,Asian,1240,1095,2353,Kaufman
Kaufman,Black,8806,7701,16602,Kaufman
Kaufman,Hispanic,15039,12776,27660,Kaufman
Kaufman,Other,8536,7481,16813,Kaufman
Kaufman,Unknown,5726,4665,10411,Kaufman
Kaufman,White,32661,29139,62343,Kaufman
Kendall,Asian,335,299,645,Kendall
Kendall,Black,215,179,408,Kendall
Kendall,Hispanic,4914,4289,9178,Kendall
Kendall,Other,5218,4700,10667,Kendall
Kendall,Unknown,1694,1376,3021,Kendall
Kendall,White,17819,16131,34720,Kendall
Kenedy,Asian,1,1,2,Kenedy
Kenedy,Black,2,2,4,Kenedy
Kenedy,Hispanic,144,125,282,Kenedy
Kenedy,Other,17,12,31,Kenedy
Kenedy,Unknown,45,42,93,Kenedy
Kenedy,White,29,26,63,Kenedy
Kent,Black,2,2,4,Kent
Kent,Hispanic,29,26,54,Kent
Kent,Other,17,14,33,Kent
Kent,Unknown,52,47,101,Kent
Kent,White,206,186,377,Kent
Kerr,Asian,247,219,449,Kerr
Kerr,Black,236,197,411,Kerr
Kerr,Hispanic,3830,3246,6929,Kerr
Kerr,Other,4178,3663,8216,Kerr
Kerr,Unknown,1769,1535,3200,Kerr
Kerr,White,16196,14507,30891,Kerr
Kimble,Asian,7,7,13,Kimble
Kimble,Black,5,5,10,Kimble
Kimble,Hispanic,170,147,350,Kimble
Kimble,Other,163,150,355,Kimble
Kimble,Unknown,122,94,218,Kimble
Kimble,White,1522,1360,2944,Kimble
King,Asian,3,2,4,King
King,Hispanic,17,14,28,King
King,Other,4,2,6,King
King,Unknown,3,2,5,King
King,White,31,26,54,King
Kinney,Asian,7,6,13,Kinney
Kinney,Black,15,12,28,Kinney
Kinney,Hispanic,798,669,1452,Kinney
Kinney,Other,157,135,326,Kinney
Kinney,Unknown,76,56,133,Kinney
Kinney,White,816,693,1547,Kinney
Kleberg,Asian,461,405,880,Kleberg
Kleberg,Black,354,304,681,Kleberg
Kleberg,Hispanic,11818,10349,23642,Kleberg
Kleberg,Other,1706,1488,3517,Kleberg
Kleberg,Unknown,1946,1652,3873,Kleberg
Kleberg,White,3661,3207,7220,Kleberg
Knox,Asian,10,9,18,Knox
Knox,Black,46,42,76,Knox
Knox,Hispanic,333,284,586,Knox
Knox,Other,236,223,454,Knox
Knox,Unknown,128,118,246,Knox
Knox,White,702,632,1321,Knox
La Salle,Asian,14,13,29,La Salle
La Salle,Black,172,162,299,La Salle
La Salle,Hispanic,2874,2473,5307,La Salle
La Salle,Other,354,306,661,La Salle
La Salle,Unknown,1055,922,2020,La Salle
La Salle,White,506,456,996,La Salle
Lamar,Asian,229,201,435,Lamar
Lamar,Black,2012,1749,3840,Lamar
Lamar,Hispanic,1184,1003,2114,Lamar
Lamar,Other,2464,2167,4931,Lamar
Lamar,Unknown,1869,1677,3923,Lamar
Lamar,White,12012,10769,23187,Lamar
Lamb,Asian,6,6,12,Lamb
Lamb,Black,203,172,360,Lamb
Lamb,Hispanic,2231,1922,3973,Lamb
Lamb,Other,549,474,1061,Lamb
Lamb,Unknown,844,775,1636,Lamb
Lamb,White,1684,1477,3130,Lamb
Lampasas,Asian,101,85,191,Lampasas
Lampasas,Black,260,207,466,Lampasas
Lampasas,Hispanic,1250,1079,2294,Lampasas
Lampasas,Other,1764,1575,3482,Lampasas
Lampasas,Unknown,866,710,1462,Lampasas
Lampasas,White,5787,5068,10805,Lampasas
Lavaca,Asian,61,53,110,Lavaca
Lavaca,Black,363,337,643,Lavaca
Lavaca,Hispanic,1161,1019,2019,Lavaca
Lavaca,Other,737,665,1417,Lavaca
Lavaca,Unknown,633,510,1105,Lavaca
Lavaca,White,6077,5672,11418,Lavaca
Lee,Asian,31,28,61,Lee
Lee,Black,682,603,1300,Lee
Lee,Hispanic,1562,1339,2732,Lee
Lee,Other,1116,970,2176,Lee
Lee,Unknown,696,558,1168,Lee
Lee,White,4300,3856,8224,Lee
Leon,Asian,72,61,130,Leon
Leon,Black,453,375,788,Leon
Leon,Hispanic,724,591,1240,Leon
Leon,Other,1027,898,1996,Leon
Leon,Unknown,294,223,493,Leon
Leon,White,4623,4090,8248,Leon
Liberty,Asian,311,283,573,Liberty
Liberty,Black,2944,2594,5634,Liberty
Liberty,Hispanic,13203,11131,23906,Liberty
Liberty,Other,6014,5227,11776,Liberty
Liberty,Unknown,2180,1667,3726,Liberty
Liberty,White,15467,13618,28978,Liberty
Limestone,Asian,98,91,188,Limestone
Limestone,Black,1144,988,2095,Limestone
Limestone,Hispanic,1459,1259,2390,Limestone
Limestone,Other,1822,1590,3436,Limestone
Limestone,Unknown,487,389,765,Limestone
Limestone,White,4505,4003,8441,Limestone
Lipscomb,Asian,6,6,12,Lipscomb
Lipscomb,Hispanic,247,231,463,Lipscomb
Lipscomb,Other,69,58,141,Lipscomb
Lipscomb,Unknown,163,150,319,Lipscomb
Lipscomb,White,490,458,954,Lipscomb
Live Oak,Asian,18,14,32,Live Oak
Live Oak,Black,14,11,23,Live Oak
Live Oak,Hispanic,1469,1273,2844,Live Oak
Live Oak,Other,485,444,1002,Live Oak
Live Oak,Unknown,398,343,754,Live Oak
Live Oak,White,1854,1645,3560,Live Oak
Llano,Asian,71,63,131,Llano
Llano,Black,43,35,81,Llano
Llano,Hispanic,846,714,1532,Llano
Llano,Other,1322,1213,2787,Llano
Llano,Unknown,1025,904,1872,Llano
Llano,White,8331,7519,16115,Llano
Loving,Hispanic,8,8,16,Loving
Loving,Other,4,4,9,Loving
Loving,Unknown,1,1,2,Loving
Loving,White,28,19,47,Loving
Lubbock,Asian,4301,3862,8251,Lubbock
Lubbock,Black,6729,5690,12196,Lubbock
Lubbock,Hispanic,41903,36461,78005,Lubbock
Lubbock,Other,23422,20550,46497,Lubbock
Lubbock,Unknown,11520,9884,21676,Lubbock
Lubbock,White,64753,57983,123642,Lubbock
Lynn,Asian,7,7,16,Lynn
Lynn,Black,27,26,56,Lynn
Lynn,Hispanic,963,839,1804,Lynn
Lynn,Other,253,231,496,Lynn
Lynn,Unknown,216,181,420,Lynn
Lynn,White,957,862,1805,Lynn
Madison,Asian,48,43,93,Madison
Madison,Black,1076,942,1979,Madison
Madison,Hispanic,1131,869,1923,Madison
Madison,Other,1012,887,1966,Madison
Madison,Unknown,215,139,325,Madison
Madison,White,2828,2529,5261,Madison
Marion,Asian,19,14,32,Marion
Marion,Black,823,717,1522,Marion
Marion,Hispanic,140,121,257,Marion
Marion,Other,583,531,1162,Marion
Marion,Unknown,210,158,355,Marion
Marion,White,2376,2147,4386,Marion
Martin,Asian,2,2,4,Martin
Martin,Black,8,8,16,Martin
Martin,Hispanic,726,590,1308,Martin
Martin,Other,160,140,296,Martin
Martin,Unknown,328,237,559,Martin
Martin,White,755,637,1402,Martin
Mason,Asian,1,1,2,Mason
Mason,Black,4,3,8,Mason
Mason,Hispanic,346,300,666,Mason
Mason,Other,239,229,507,Mason
Mason,Unknown,95,84,178,Mason
Mason,White,1453,1344,2870,Mason
Matagorda,Asian,512,437,956,Matagorda
Matagorda,Black,1321,1168,2564,Matagorda
Matagorda,Hispanic,5916,5039,10879,Matagorda
Matagorda,Other,3456,2874,6676,Matagorda
Matagorda,Unknown,686,476,1114,Matagorda
Matagorda,White,6297,5604,11934,Matagorda
Maverick,Asian,62,49,116,Maverick
Maverick,Black,45,34,75,Maverick
Maverick,Hispanic,39130,29490,66702,Maverick
Maverick,Other,2983,2458,5464,Maverick
Maverick,Unknown,3326,2249,5532,Maverick
Maverick,White,7889,5861,13388,Maverick
McCulloch,Asian,20,16,33,McCulloch
McCulloch,Black,40,39,83,McCulloch
McCulloch,Hispanic,618,556,1208,McCulloch
McCulloch,Other,141,123,278,McCulloch
McCulloch,Unknown,140,108,244,McCulloch
McCulloch,White,2213,1983,4222,McCulloch
McLennan,Asian,2796,2482,5223,McLennan
McLennan,Black,13636,11754,25181,McLennan
McLennan,Hispanic,24110,20928,43910,McLennan
McLennan,Other,16161,14313,31517,McLennan
McLennan,Unknown,7679,6145,13657,McLennan
McLennan,White,69595,62001,131243,McLennan
McMullen,Black,1,1,2,McMullen
McMullen,Hispanic,110,99,204,McMullen
McMullen,Other,52,50,102,McMullen
McMullen,Unknown,13,11,24,McMullen
McMullen,White,161,148,295,McMullen
Medina,Asian,154,142,294,Medina
Medina,Black,652,618,1243,Medina
Medina,Hispanic,9971,8930,18883,Medina
Medina,Other,4837,4356,9541,Medina
Medina,Unknown,1742,1374,3091,Medina
Medina,White,10968,10095,21013,Medina
Menard,Asian,1,1,2,Menard
Menard,Black,7,7,17,Menard
Menard,Hispanic,258,229,537,Menard
Menard,Other,74,65,151,Menard
Menard,Unknown,31,27,55,Menard
Menard,White,737,700,1435,Menard
Midland,Asian,1843,1637,3648,Midland
Midland,Black,3567,3105,6837,Midland
Midland,Hispanic,29410,25222,55943,Midland
Midland,Other,9394,8113,18472,Midland
Midland,Unknown,4433,3491,7931,Midland
Midland,White,30042,26764,59258,Midland
Milam,Asian,77,67,154,Milam
Milam,Black,770,680,1441,Milam
Milam,Hispanic,2201,1964,4163,Milam
Milam,Other,1324,1176,2596,Milam
Milam,Unknown,801,655,1446,Milam
Milam,White,6368,5871,12386,Milam
Mills,Asian,11,10,19,Mills
Mills,Black,4,3,7,Mills
Mills,Hispanic,250,230,485,Mills
Mills,Other,130,119,263,Mills
Mills,Unknown,273,207,481,Mills
Mills,White,1458,1300,2882,Mills
Mitchell,Asian,23,23,48,Mitchell
Mitchell,Black,257,246,434,Mitchell
Mitchell,Hispanic,783,695,1467,Mitchell
Mitchell,Other,515,454,925,Mitchell
Mitchell,Unknown,273,243,571,Mitchell
Mitchell,White,1295,1177,2424,Mitchell
Montague,Asian,52,51,103,Montague
Montague,Black,19,16,31,Montague
Montague,Hispanic,675,556,1176,Montague
Montague,Other,765,677,1523,Montague
Montague,Unknown,743,641,1381,Montague
Montague,White,5239,4507,9910,Montague
Montgomery,Asian,11215,10079,21599,Montgomery
Montgomery,Black,14500,12455,27051,Montgomery
Montgomery,Hispanic,81271,68292,146823,Montgomery
Montgomery,Other,62209,55384,123556,Montgomery
Montgomery,Unknown,15862,12216,26374,Montgomery
Montgomery,White,163067,144064,311475,Montgomery
Moore,Asian,221,125,345,Moore
Moore,Black,120,59,176,Moore
Moore,Hispanic,5441,4315,9747,Moore
Moore,Other,1187,905,2176,Moore
Moore,Unknown,1174,835,2086,Moore
Moore,White,2301,1885,4262,Moore
Morris,Asian,19,17,33,Morris
Morris,Black,1074,923,1984,Morris
Morris,Hispanic,476,402,849,Morris
Morris,Other,558,510,1129,Morris
Morris,Unknown,335,236,568,Morris
Morris,White,3116,2801,5833,Morris
Motley,Black,5,4,9,Motley
Motley,Hispanic,44,25,67,Motley
Motley,Other,137,77,224,Motley
Motley,Unknown,13,12,29,Motley
Motley,White,239,173,416,Motley
Nacogdoches,Asian,486,438,907,Nacogdoches
Nacogdoches,Black,4150,3514,7416,Nacogdoches
Nacogdoches,Hispanic,5133,4111,8774,Nacogdoches
Nacogdoches,Other,3354,2968,6688,Nacogdoches
Nacogdoches,Unknown,2255,1839,4043,Nacogdoches
Nacogdoches,White,15322,13500,27858,Nacogdoches
Navarro,Asian,239,207,459,Navarro
Navarro,Black,2015,1775,3805,Navarro
Navarro,Hispanic,4865,4208,9022,Navarro
Navarro,Other,4094,3530,7847,Navarro
Navarro,Unknown,2077,1705,3800,Navarro
Navarro,White,10693,9561,20626,Navarro
Newton,Asian,21,18,39,Newton
Newton,Black,756,677,1451,Newton
Newton,Hispanic,75,64,133,Newton
Newton,Other,325,290,638,Newton
Newton,Unknown,488,403,890,Newton
Newton,White,1842,1639,3476,Newton
Nolan,Asian,60,53,106,Nolan
Nolan,Black,195,175,347,Nolan
Nolan,Hispanic,1886,1720,3354,Nolan
Nolan,Other,518,456,981,Nolan
Nolan,Unknown,410,345,769,Nolan
Nolan,White,3431,3199,6384,Nolan
Nueces,Asian,4802,4242,8494,Nueces
Nueces,Black,4883,4173,9118,Nueces
Nueces,Hispanic,106623,91925,203580,Nueces
Nueces,Other,26093,22777,52884,Nueces
Nueces,Unknown,12618,10717,23571,Nueces
Nueces,White,58873,51812,113187,Nueces
Ochiltree,Asian,15,13,27,Ochiltree
Ochiltree,Black,4,3,6,Ochiltree
Ochiltree,Hispanic,1897,1664,3456,Ochiltree
Ochiltree,Other,253,214,478,Ochiltree
Ochiltree,Unknown,387,365,757,Ochiltree
Ochiltree,White,1340,1200,2531,Ochiltree
Oldham,Asian,20,16,37,Oldham
Oldham,Black,7,5,12,Oldham
Oldham,Hispanic,110,95,200,Oldham
Oldham,Other,103,94,212,Oldham
Oldham,Unknown,91,80,175,Oldham
Oldham,White,447,396,852,Oldham
Orange,Asian,568,475,1047,Orange
Orange,Black,2350,2004,4310,Orange
Orange,Hispanic,2118,1760,3881,Orange
Orange,Other,5650,5036,11368,Orange
Orange,Unknown,1945,1515,3400,Orange
Orange,White,19054,16547,36007,Orange
Palo Pinto,Asian,103,84,186,Palo Pinto
Palo Pinto,Black,189,160,350,Palo Pinto
Palo Pinto,Hispanic,1839,1549,3325,Palo Pinto
Palo Pinto,Other,1764,1581,3586,Palo Pinto
Palo Pinto,Unknown,581,511,1084,Palo Pinto
Palo Pinto,White,6960,6231,13380,Palo Pinto
Panola,Asian,51,51,94,Panola
Panola,Black,1275,1140,2307,Panola
Panola,Hispanic,660,586,1204,Panola
Panola,Other,1221,1109,2375,Panola
Panola,Unknown,457,359,781,Panola
Panola,White,4915,4361,9023,Panola
Parker,Asian,593,535,1133,Parker
Parker,Black,657,581,1232,Parker
Parker,Hispanic,6353,5525,11798,Parker
Parker,Other,9560,8717,19894,Parker
Parker,Unknown,4257,3737,7960,Parker
Parker,White,44694,40084,85946,Parker
Parmer,Asian,10,7,16,Parmer
Parmer,Black,13,12,24,Parmer
Parmer,Hispanic,1549,1354,2769,Parmer
Parmer,Other,153,128,282,Parmer
Parmer,Unknown,1474,1356,3069,Parmer
Parmer,White,674,613,1294,Parmer
Pecos,Asian,85,79,178,Pecos
Pecos,Black,289,257,469,Pecos
Pecos,Hispanic,5537,4877,10912,Pecos
Pecos,Other,923,787,1579,Pecos
Pecos,Unknown,1270,1072,2378,Pecos
Pecos,White,1610,1425,3010,Pecos
Polk,Asian,159,144,302,Polk
Polk,Black,2284,2010,4304,Polk
Polk,Hispanic,2348,1960,4242,Polk
Polk,Other,3069,2751,6150,Polk
Polk,Unknown,1378,1141,2436,Polk
Polk,White,13534,11920,25653,Polk
Potter,Asian,2009,1647,3771,Potter
Potter,Black,3222,2675,5801,Potter
Potter,Hispanic,16750,13583,30314,Potter
Potter,Other,8419,7225,16309,Potter
Potter,Unknown,4331,3426,7973,Potter
Potter,White,19683,17074,37556,Potter
Presidio,Asian,21,21,42,Presidio
Presidio,Black,11,8,17,Presidio
Presidio,Hispanic,4851,4043,9292,Presidio
Presidio,Other,251,195,472,Presidio
Presidio,Unknown,269,222,469,Presidio
Presidio,White,1030,934,1846,Presidio
Rains,Asian,28,24,52,Rains
Rains,Black,77,59,139,Rains
Rains,Hispanic,330,282,606,Rains
Rains,Other,635,594,1321,Rains
Rains,Unknown,236,189,408,Rains
Rains,White,3388,2998,6476,Rains
Randall,Asian,1168,970,2163,Randall
Randall,Black,1253,1035,2257,Randall
Randall,Hispanic,9998,8385,18292,Randall
Randall,Other,8619,7648,17271,Randall
Randall,Unknown,6135,5240,11705,Randall
Randall,White,36988,32519,70647,Randall
Reagan,Asian,5,3,8,Reagan
Reagan,Black,11,10,18,Reagan
Reagan,Hispanic,904,808,1626,Reagan
Reagan,Other,390,364,747,Reagan
Reagan,Unknown,108,93,208,Reagan
Reagan,White,232,211,451,Reagan
Real,Asian,1,1,2,Real
Real,Black,6,6,12,Real
Real,Hispanic,237,191,438,Real
Real,Other,290,273,648,Real
Real,Unknown,71,45,114,Real
Real,White,1132,1034,2207,Real
Red River,Asian,24,21,40,Red River
Red River,Black,606,550,1057,Red River
Red River,Hispanic,239,194,420,Red River
Red River,Other,905,793,1761,Red River
Red River,Unknown,653,594,1332,Red River
Red River,White,2562,2291,4730,Red River
Reeves,Asian,64,60,138,Reeves
Reeves,Black,56,42,104,Reeves
Reeves,Hispanic,11014,4241,15504,Reeves
Reeves,Other,227,177,445,Reeves
Reeves,Unknown,2268,1847,4489,Reeves
Reeves,White,569,475,1075,Reeves
Refugio,Asian,13,11,26,Refugio
Refugio,Black,182,168,350,Refugio
Refugio,Hispanic,1488,1359,2889,Refugio
Refugio,Other,290,262,600,Refugio
Refugio,Unknown,571,508,1103,Refugio
Refugio,White,1315,1170,2537,Refugio
Roberts,Black,1,1,2,Roberts
Roberts,Hispanic,16,12,27,Roberts
Roberts,Other,18,16,37,Roberts
Roberts,Unknown,24,21,48,Roberts
Roberts,White,205,193,404,Roberts
Robertson,Asian,70,59,125,Robertson
Robertson,Black,1220,1070,2155,Robertson
Robertson,Hispanic,1285,1099,2304,Robertson
Robertson,Other,923,827,1820,Robertson
Robertson,Unknown,347,241,544,Robertson
Robertson,White,4149,3718,7592,Robertson
Rockwall,Asian,2043,1783,3874,Rockwall
Rockwall,Black,4132,3557,7791,Rockwall
Rockwall,Hispanic,10031,8377,18217,Rockwall
Rockwall,Other,8940,7909,18187,Rockwall
Rockwall,Unknown,3026,2425,5375,Rockwall
Rockwall,White,35319,30898,67122,Rockwall
Runnels,Asian,19,18,39,Runnels
Runnels,Black,50,44,93,Runnels
Runnels,Hispanic,1267,1120,2339,Runnels
Runnels,Other,310,279,596,Runnels
Runnels,Unknown,370,320,683,Runnels
Runnels,White,2629,2452,5156,Runnels
Rusk,Asian,129,111,237,Rusk
Rusk,Black,3284,2921,5976,Rusk
Rusk,Hispanic,2874,2456,5212,Rusk
Rusk,Other,3208,2816,6232,Rusk
Rusk,Unknown,1104,927,1953,Rusk
Rusk,White,11413,10112,21301,Rusk
Sabine,Asian,18,15,27,Sabine
Sabine,Black,226,191,410,Sabine
Sabine,Hispanic,92,82,166,Sabine
Sabine,Other,503,456,987,Sabine
Sabine,Unknown,474,401,881,Sabine
Sabine,White,2714,2398,5041,Sabine
San Augustine,Asian,11,7,18,San Augustine
San Augustine,Black,852,749,1616,San Augustine
San Augustine,Hispanic,191,148,338,San Augustine
San Augustine,Other,364,299,718,San Augustine
San Augustine,Unknown,287,228,507,San Augustine
San Augustine,White,2019,1781,3892,San Augustine
San Jacinto,Asian,43,41,80,San Jacinto
San Jacinto,Black,917,801,1648,San Jacinto
San Jacinto,Hispanic,1242,1073,2277,San Jacinto
San Jacinto,Other,1455,1304,2934,San Jacinto
San Jacinto,Unknown,573,459,989,San Jacinto
San Jacinto,White,5919,5265,11073,San Jacinto
San Patricio,Asian,518,463,968,San Patricio
San Patricio,Black,422,352,737,San Patricio
San Patricio,Hispanic,17302,14731,32512,San Patricio
San Patricio,Other,4901,4329,9769,San Patricio
San Patricio,Unknown,2111,1719,3832,San Patricio
San Patricio,White,14319,12430,26706,San Patricio
San Saba,Asian,8,8,15,San Saba
San Saba,Black,69,59,128,San Saba
San Saba,Hispanic,426,347,763,San Saba
San Saba,Other,537,480,1018,San Saba
San Saba,Unknown,90,64,145,San Saba
San Saba,White,1191,1039,2188,San Saba
Schleicher,Asian,2,2,4,Schleicher
Schleicher,Black,15,14,26,Schleicher
Schleicher,Hispanic,542,489,1039,Schleicher
Schleicher,Other,87,75,176,Schleicher
Schleicher,Unknown,185,177,339,Schleicher
Schleicher,White,486,459,969,Schleicher
Scurry,Asian,47,35,80,Scurry
Scurry,Black,269,238,447,Scurry
Scurry,Hispanic,2664,2217,4803,Scurry
Scurry,Other,696,594,1169,Scurry
Scurry,Unknown,503,397,899,Scurry
Scurry,White,4265,3817,8034,Scurry
Shackelford,Asian,4,1,5,Shackelford
Shackelford,Black,2,2,4,Shackelford
Shackelford,Hispanic,128,111,259,Shackelford
Shackelford,Other,83,79,177,Shackelford
Shackelford,Unknown,90,79,170,Shackelford
Shackelford,White,920,810,1776,Shackelford
Shelby,Asian,163,147,297,Shelby
Shelby,Black,1690,1458,3117,Shelby
Shelby,Hispanic,1408,1126,2402,Shelby
Shelby,Other,994,854,1892,Shelby
Shelby,Unknown,837,625,1404,Shelby
Shelby,White,4807,4149,8957,Shelby
Sherman,Asian,1,1,2,Sherman
Sherman,Black,6,6,13,Sherman
Sherman,Hispanic,513,394,854,Sherman
Sherman,Other,77,37,115,Sherman
Sherman,Unknown,150,130,283,Sherman
Sherman,White,409,320,719,Sherman
Smith,Asian,2245,2013,4370,Smith
Smith,Black,15866,13927,30711,Smith
Smith,Hispanic,16596,14050,30612,Smith
Smith,Other,12088,10955,25564,Smith
Smith,Unknown,11158,9637,20521,Smith
Smith,White,52268,46905,103079,Smith
Somervell,Asian,41,38,79,Somervell
Somervell,Black,8,7,16,Somervell
Somervell,Hispanic,466,420,842,Somervell
Somervell,Other,732,662,1548,Somervell
Somervell,Unknown,186,161,356,Somervell
Somervell,White,2564,2316,4789,Somervell
Starr,Asian,37,32,69,Starr
Starr,Black,20,17,37,Starr
Starr,Hispanic,41295,37128,76918,Starr
Starr,Other,2396,2016,4510,Starr
Starr,Unknown,2051,1808,3790,Starr
Starr,White,4198,3694,7827,Starr
Stephens,Asian,39,35,73,Stephens
Stephens,Black,116,107,186,Stephens
Stephens,Hispanic,533,463,914,Stephens
Stephens,Other,335,291,583,Stephens
Stephens,Unknown,312,266,551,Stephens
Stephens,White,2092,1908,3809,Stephens
Sterling,Asian,1,0,1,Sterling
Sterling,Black,5,4,9,Sterling
Sterling,Hispanic,174,153,338,Sterling
Sterling,Other,89,78,173,Sterling
Sterling,Unknown,19,11,30,Sterling
Sterling,White,238,200,463,Sterling
Stonewall,Asian,8,8,14,Stonewall
Stonewall,Black,5,5,9,Stonewall
Stonewall,Hispanic,77,67,144,Stonewall
Stonewall,Other,18,16,37,Stonewall
Stonewall,Unknown,86,80,176,Stonewall
Stonewall,White,387,352,742,Stonewall
Sutton,Asian,14,14,27,Sutton
Sutton,Black,2,2,4,Sutton
Sutton,Hispanic,920,810,1761,Sutton
Sutton,Other,118,93,211,Sutton
Sutton,Unknown,107,90,191,Sutton
Sutton,White,555,507,1112,Sutton
Swisher,Asian,10,10,19,Swisher
Swisher,Black,165,139,244,Swisher
Swisher,Hispanic,896,802,1538,Swisher
Swisher,Other,334,276,503,Swisher
Swisher,Unknown,270,230,503,Swisher
Swisher,White,1309,1178,2327,Swisher
Tarrant,Asian,76196,69779,149474,Tarrant
Tarrant,Black,140034,122113,266866,Tarrant
Tarrant,Hispanic,268118,231907,501474,Tarrant
Tarrant,Other,191560,172533,393809,Tarrant
Tarrant,Unknown,45036,35362,78068,Tarrant
Tarrant,White,478102,435095,940188,Tarrant
Taylor,Asian,1303,1125,2485,Taylor
Taylor,Black,3202,2672,5903,Taylor
Taylor,Hispanic,11126,9476,20785,Taylor
Taylor,Other,7688,6767,15567,Taylor
Taylor,Unknown,7953,7048,15743,Taylor
Taylor,White,34409,30533,66799,Taylor
Terrell,Black,4,3,7,Terrell
Terrell,Hispanic,220,193,456,Terrell
Terrell,Other,57,46,106,Terrell
Terrell,Unknown,30,20,48,Terrell
Terrell,White,146,121,280,Terrell
Terry,Asian,22,19,43,Terry
Terry,Black,132,110,215,Terry
Terry,Hispanic,1954,1681,3559,Terry
Terry,Other,517,422,880,Terry
Terry,Unknown,1373,1253,2636,Terry
Terry,White,1438,1285,2694,Terry
Throckmorton,Asian,1,1,2,Throckmorton
Throckmorton,Black,1,1,2,Throckmorton
Throckmorton,Hispanic,41,35,76,Throckmorton
Throckmorton,Other,39,34,74,Throckmorton
Throckmorton,Unknown,57,48,104,Throckmorton
Throckmorton,White,521,460,980,Throckmorton
Titus,Asian,153,124,285,Titus
Titus,Black,1077,914,2049,Titus
Titus,Hispanic,5110,3989,8907,Titus
Titus,Other,1400,1238,2810,Titus
Titus,Unknown,875,704,1580,Titus
Titus,White,5561,4808,10466,Titus
Tom Green,Asian,715,650,1396,Tom Green
Tom Green,Black,1509,1340,2947,Tom Green
Tom Green,Hispanic,18625,16910,36979,Tom Green
Tom Green,Other,4804,4238,9804,Tom Green
Tom Green,Unknown,2237,1780,3957,Tom Green
Tom Green,White,28910,26535,59174,Tom Green
Travis,Asian,61873,56316,119119,Travis
Travis,Black,37015,32046,68586,Travis
Travis,Hispanic,211210,178147,389868,Travis
Travis,Other,172003,154369,343629,Travis
Travis,Unknown,53703,43469,94014,Travis
Travis,White,368375,335728,714700,Travis
Trinity,Asian,27,25,49,Trinity
Trinity,Black,443,374,801,Trinity
Trinity,Hispanic,443,365,802,Trinity
Trinity,Other,1478,1302,2918,Trinity
Trinity,Unknown,555,460,983,Trinity
Trinity,White,3560,3146,6779,Trinity
Tyler,Asian,41,36,76,Tyler
Tyler,Black,1016,905,1931,Tyler
Tyler,Hispanic,364,317,672,Tyler
Tyler,Other,1031,895,1997,Tyler
Tyler,Unknown,614,516,1158,Tyler
Tyler,White,5061,4596,9835,Tyler
Upshur,Asian,80,69,153,Upshur
Upshur,Black,1167,1050,2234,Upshur
Upshur,Hispanic,1199,997,2168,Upshur
Upshur,Other,1837,1633,3789,Upshur
Upshur,Unknown,1038,854,1841,Upshur
Upshur,White,9508,8451,18262,Upshur
Upton,Asian,6,6,14,Upton
Upton,Black,18,15,33,Upton
Upton,Hispanic,608,532,1241,Upton
Upton,Other,146,133,320,Upton
Upton,Unknown,310,274,674,Upton
Upton,White,516,421,1014,Upton
Uvalde,Asian,82,74,156,Uvalde
Uvalde,Black,38,31,67,Uvalde
Uvalde,Hispanic,6992,6001,13163,Uvalde
Uvalde,Other,1400,1252,3040,Uvalde
Uvalde,Unknown,803,560,1374,Uvalde
Uvalde,White,5418,4865,10686,Uvalde
Val Verde,Asian,107,90,181,Val Verde
Val Verde,Black,149,114,252,Val Verde
Val Verde,Hispanic,22537,18396,39755,Val Verde
Val Verde,Other,2985,2343,5639,Val Verde
Val Verde,Unknown,2359,1651,3849,Val Verde
Val Verde,White,6743,5566,12507,Val Verde
Van Zandt,Asian,130,110,238,Van Zandt
Van Zandt,Black,577,526,1115,Van Zandt
Van Zandt,Hispanic,2043,1745,3715,Van Zandt
Van Zandt,Other,2289,2066,4595,Van Zandt
Van Zandt,Unknown,1653,1373,2925,Van Zandt
Van Zandt,White,15038,13561,28428,Van Zandt
Victoria,Asian,706,654,1367,Victoria
Victoria,Black,2011,1800,3923,Victoria
Victoria,Hispanic,15139,13527,28925,Victoria
Victoria,Other,6338,5715,12867,Victoria
Victoria,Unknown,4001,3401,7814,Victoria
Victoria,White,18190,16465,35447,Victoria
Walker,Asian,480,408,897,Walker
Walker,Black,6736,5824,12521,Walker
Walker,Hispanic,4223,3632,7490,Walker
Walker,Other,7945,6952,15435,Walker
Walker,Unknown,1345,1037,2334,Walker
Walker,White,16169,14296,30140,Walker
Waller,Asian,540,471,1006,Waller
Waller,Black,3062,2680,5741,Waller
Waller,Hispanic,7079,6107,12920,Waller
Waller,Other,3814,3362,7609,Waller
Waller,Unknown,919,698,1560,Waller
Waller,White,8984,7960,16841,Waller
Ward,Asian,41,35,80,Ward
Ward,Black,112,100,203,Ward
Ward,Hispanic,2345,1975,4227,Ward
Ward,Other,358,326,716,Ward
Ward,Unknown,443,385,847,Ward
Ward,White,1435,1243,2633,Ward
Washington,Asian,347,312,671,Washington
Washington,Black,2115,1863,3941,Washington
Washington,Hispanic,1967,1705,3618,Washington
Washington,Other,3610,3317,7369,Washington
Washington,Unknown,929,756,1649,Washington
Washington,White,9977,9039,19329,Washington
Webb,Asian,620,539,1141,Webb
Webb,Black,206,160,342,Webb
Webb,Hispanic,170817,140938,305458,Webb
Webb,Other,20047,16749,33998,Webb
Webb,Unknown,19513,16679,37089,Webb
Webb,White,33437,28560,60477,Webb
Wharton,Asian,135,116,257,Wharton
Wharton,Black,2098,1801,3912,Wharton
Wharton,Hispanic,6611,5586,12055,Wharton
Wharton,Other,4111,3605,8004,Wharton
Wharton,Unknown,976,782,1601,Wharton
Wharton,White,8130,7213,15016,Wharton
Wheeler,Asian,16,15,30,Wheeler
Wheeler,Black,25,21,44,Wheeler
Wheeler,Hispanic,434,368,765,Wheeler
Wheeler,Other,165,145,349,Wheeler
Wheeler,Unknown,306,272,600,Wheeler
Wheeler,White,1110,1021,2048,Wheeler
Wichita,Asian,1363,1216,2607,Wichita
Wichita,Black,4315,3747,7726,Wichita
Wichita,Hispanic,8011,7006,14895,Wichita
Wichita,Other,7714,6953,15406,Wichita
Wichita,Unknown,6634,5758,12386,Wichita
Wichita,White,32592,29746,63343,Wichita
Wilbarger,Asian,287,271,547,Wilbarger
Wilbarger,Black,345,304,628,Wilbarger
Wilbarger,Hispanic,1328,1198,2332,Wilbarger
Wilbarger,Other,228,189,417,Wilbarger
Wilbarger,Unknown,1299,1184,2486,Wilbarger
Wilbarger,White,3098,2918,5912,Wilbarger
Willacy,Asian,24,22,49,Willacy
Willacy,Black,180,147,328,Willacy
Willacy,Hispanic,11270,9797,20493,Willacy
Willacy,Other,959,777,1804,Willacy
Willacy,Unknown,699,588,1333,Willacy
Willacy,White,1415,1238,2716,Willacy
Williamson,Asian,32672,29567,62767,Williamson
Williamson,Black,17285,15255,32258,Williamson
Williamson,Hispanic,67534,59315,127066,Williamson
Williamson,Other,78957,71315,159754,Williamson
Williamson,Unknown,24021,19598,42070,Williamson
Williamson,White,176780,160374,338544,Williamson
Wilson,Asian,165,154,321,Wilson
Wilson,Black,354,307,662,Wilson
Wilson,Hispanic,7014,6273,13252,Wilson
Wilson,Other,4576,4060,8835,Wilson
Wilson,Unknown,2172,1818,4016,Wilson
Wilson,White,12368,11129,23169,Wilson
Winkler,Asian,33,32,59,Winkler
Winkler,Black,42,39,75,Winkler
Winkler,Hispanic,1457,1253,2642,Winkler
Winkler,Other,189,159,363,Winkler
Winkler,Unknown,620,551,1227,Winkler
Winkler,White,795,705,1450,Winkler
Wise,Asian,223,194,418,Wise
Wise,Black,309,274,581,Wise
Wise,Hispanic,4732,4079,8659,Wise
Wise,Other,2694,2378,5450,Wise
Wise,Unknown,1896,1683,3564,Wise
Wise,White,17944,16124,33940,Wise
Wood,Asian,117,109,221,Wood
Wood,Black,709,629,1368,Wood
Wood,Hispanic,1424,1262,2633,Wood
Wood,Other,3346,3068,6914,Wood
Wood,Unknown,1462,1239,2608,Wood
Wood,White,13100,11946,24865,Wood
Yoakum,Asian,17,14,30,Yoakum
Yoakum,Black,11,10,19,Yoakum
Yoakum,Hispanic,1970,1690,3370,Yoakum
Yoakum,Other,147,99,247,Yoakum
Yoakum,Unknown,666,603,1270,Yoakum
Yoakum,White,838,747,1468,Yoakum
Young,Asian,37,34,68,Young
Young,Black,48,45,90,Young
Young,Hispanic,1201,1070,2166,Young
Young,Other,1752,1559,3418,Young
Young,Unknown,584,512,1125,Young
Young,White,4031,3619,7418,Young
Zapata,Asian,7,5,12,Zapata
Zapata,Black,2,0,2,Zapata
Zapata,Hispanic,6745,5938,12238,Zapata
Zapata,Other,1041,875,1951,Zapata
Zapata,Unknown,500,467,1007,Zapata
Zapata,White,763,612,1392,Zapata
Zavala,Asian,7,6,13,Zavala
Zavala,Black,16,14,28,Zavala
Zavala,Hispanic,4407,3883,8627,Zavala
Zavala,Other,491,429,1028,Zavala
Zavala,Unknown,359,279,641,Zavala
Zavala,White,992,874,1989,Zavala